command,mean,stddev,median,user,system,min,max
llvm-no-lld,1.150748976225,0.020294432962034106,1.146634915225,0.9586800099999999,0.21004481,1.125921630725,1.191485620725
llvm-with-lld,0.4433274691250001,0.003079414901791144,0.44260136822500007,0.45915141000000004,0.14346390999999997,0.43979028472500004,0.44978936072500003
clif-no-lld,0.7571323079250001,0.005525663743592619,0.7552092137250002,0.5210412099999999,0.24843711000000002,0.7486090717250001,0.766713287725
clif-with-lld,0.5840804316249999,0.011736497732390626,0.580061488225,0.39904371,0.25250501,0.5747128007250001,0.6153821687250001
